cotacaoCompra,cotacaoVenda,dataHoraCotacao
4.0207,4.0213,2020-01-02 13:11:10.762
4.0516,4.0522,2020-01-03 13:06:22.606
4.0548,4.0554,2020-01-06 13:03:22.271
4.0835,4.0841,2020-01-07 13:06:14.601
4.0666,4.0672,2020-01-08 13:03:56.075
4.0738,4.0744,2020-01-09 13:03:52.663
4.0739,4.0745,2020-01-10 13:10:19.927
4.1303,4.1309,2020-01-13 13:15:38.695
4.1437,4.1443,2020-01-14 13:02:47.919
4.1616,4.1622,2020-01-15 13:10:59.957
4.172,4.1726,2020-01-16 13:04:37.351
4.1831,4.1837,2020-01-17 13:09:30.096
4.1823,4.1829,2020-01-20 13:09:02.871
4.2008,4.2014,2020-01-21 13:27:18.065
4.1883,4.1889,2020-01-22 13:08:04.695
4.1656,4.1662,2020-01-23 13:08:34.201
4.1763,4.1769,2020-01-24 13:05:24.087
4.219,4.2196,2020-01-27 13:08:38.846
4.2058,4.2064,2020-01-28 13:06:50.714
4.2007,4.2013,2020-01-29 13:07:33.896
4.2517,4.2523,2020-01-30 13:02:39.338
4.2689,4.2695,2020-01-31 13:10:35.372
4.2469,4.2475,2020-02-03 13:09:28.141
4.2375,4.2381,2020-02-04 13:04:20.446
4.2443,4.2449,2020-02-05 13:11:41.541
4.2471,4.2477,2020-02-06 13:05:35.389
4.307,4.3076,2020-02-07 13:10:22.152
4.3189,4.3195,2020-02-10 13:11:54.282
4.3142,4.3148,2020-02-11 13:05:32.491
4.336,4.3366,2020-02-12 13:04:06.668
4.3383,4.3389,2020-02-13 13:03:19.330
4.3157,4.3163,2020-02-14 13:08:03.668
4.3151,4.3157,2020-02-17 13:11:27.747
4.3465,4.3471,2020-02-18 13:09:26.620
4.3722,4.3728,2020-02-19 13:08:44.995
4.3867,4.3873,2020-02-20 13:08:28.652
4.3918,4.3924,2020-02-21 13:09:36.995
4.4353,4.4359,2020-02-26 15:42:42.037
4.4758,4.4764,2020-02-27 13:07:20.618
4.4981,4.4987,2020-02-28 13:02:27.207
4.494,4.4946,2020-03-02 13:05:37.087
4.4877,4.4883,2020-03-03 13:06:38.231
4.5252,4.5258,2020-03-04 13:05:28.140
4.6201,4.6207,2020-03-05 13:08:18.942
4.6453,4.6459,2020-03-06 13:06:46.785
4.7373,4.7379,2020-03-09 13:03:51.869
4.6687,4.6693,2020-03-10 13:10:44.443
4.6732,4.6738,2020-03-11 13:09:36.990
4.8825,4.8833,2020-03-12 13:04:43.137
4.7355,4.7362,2020-03-13 13:11:29.534
4.9464,4.9471,2020-03-16 13:08:35.261
5.0489,5.0496,2020-03-17 13:05:19.726
5.1101,5.1107,2020-03-18 13:06:00.426
5.1437,5.1444,2020-03-19 13:08:32.134
5.0241,5.0248,2020-03-20 13:03:05.621
5.0798,5.0805,2020-03-23 13:03:28.802
5.0707,5.0713,2020-03-24 13:10:59.458
5.07,5.0706,2020-03-25 13:11:38.026
5.0004,5.001,2020-03-26 13:05:39.872
5.1103,5.1109,2020-03-27 13:10:27.606
5.1588,5.1594,2020-03-30 13:07:22.267
5.1981,5.1987,2020-03-31 13:12:19.577
5.2399,5.2404,2020-04-01 13:08:11.547
5.2645,5.2651,2020-04-02 13:08:04.984
5.2991,5.2997,2020-04-03 13:09:31.865
5.2465,5.2471,2020-04-06 13:07:49.742
5.2211,5.2217,2020-04-07 13:05:36.466
5.2117,5.2123,2020-04-08 13:05:36.604
5.0773,5.0779,2020-04-09 13:10:31.660
5.1818,5.1824,2020-04-13 13:04:46.395
5.1852,5.1858,2020-04-14 13:07:39.947
5.2573,5.2579,2020-04-15 13:06:01.889
5.2371,5.2377,2020-04-16 13:03:37.720
5.2567,5.2573,2020-04-17 13:02:36.950
5.2831,5.2837,2020-04-20 13:10:32.563
5.3841,5.3847,2020-04-22 13:09:29.978
5.4461,5.4467,2020-04-23 13:09:09.063
5.6504,5.651,2020-04-24 13:06:58.058
5.6352,5.6358,2020-04-27 13:04:33.185
5.5677,5.5683,2020-04-28 13:06:32.627
5.4285,5.4291,2020-04-29 13:09:28.218
5.4264,5.427,2020-04-30 13:11:00.769
5.5811,5.5816,2020-05-04 13:02:32.410
5.5348,5.5354,2020-05-05 13:10:48.687
5.667,5.6676,2020-05-06 13:11:17.114
5.8359,5.8365,2020-05-07 13:04:55.088
5.7647,5.7653,2020-05-08 13:06:55.655
5.7948,5.7954,2020-05-11 13:13:38.516
5.7717,5.7723,2020-05-12 13:10:40.219
5.9016,5.9022,2020-05-13 13:10:36.854
5.9366,5.9372,2020-05-14 13:04:37.655
5.8223,5.8229,2020-05-15 13:07:28.264
5.7369,5.7375,2020-05-18 13:03:30.159
5.721,5.7216,2020-05-19 13:09:50.154
5.6962,5.6968,2020-05-20 13:11:28.890
5.6013,5.6019,2020-05-21 13:02:36.901
5.5802,5.5808,2020-05-22 13:08:59.533
5.4766,5.4772,2020-05-25 13:03:45.692
5.3701,5.3707,2020-05-26 13:05:56.805
5.2986,5.2992,2020-05-27 13:08:33.677
5.3399,5.3405,2020-05-28 13:09:35.438
5.4257,5.4263,2020-05-29 13:09:42.134
5.3633,5.3639,2020-06-01 13:03:21.371
5.2595,5.2601,2020-06-02 13:06:52.617
5.051,5.0516,2020-06-03 13:02:35.192
5.1035,5.1041,2020-06-04 13:03:53.971
4.9769,4.9775,2020-06-05 13:06:27.773
4.9325,4.9331,2020-06-08 13:06:31.934
4.9051,4.9057,2020-06-09 13:02:31.177
4.8888,4.8894,2020-06-10 13:04:28.222
5.0367,5.0373,2020-06-12 13:03:58.921
5.1877,5.1883,2020-06-15 13:09:09.314
5.1279,5.1285,2020-06-16 13:04:03.498
5.2492,5.2499,2020-06-17 13:07:53.580
5.3462,5.3468,2020-06-18 13:11:36.069
5.346,5.3466,2020-06-19 13:06:29.622
5.222,5.2226,2020-06-22 13:10:56.418
5.1699,5.1705,2020-06-23 13:04:30.954
5.2429,5.2435,2020-06-24 13:05:20.072
5.3281,5.3287,2020-06-25 13:12:10.827
5.4623,5.4629,2020-06-26 13:12:13.885
5.441,5.4416,2020-06-29 13:08:41.330
5.4754,5.476,2020-06-30 13:10:29.186
5.3646,5.3651,2020-07-01 13:08:47.349
5.3022,5.3028,2020-07-02 13:02:37.304
5.3368,5.3374,2020-07-03 13:04:44.338
5.3079,5.3085,2020-07-06 13:06:42.122
5.3312,5.3318,2020-07-07 13:03:21.600
5.3476,5.3482,2020-07-08 13:02:44.173
5.2972,5.2978,2020-07-09 13:02:26.634
5.3434,5.344,2020-07-10 13:11:32.867
5.348,5.3486,2020-07-13 13:04:35.144
5.4282,5.4288,2020-07-14 13:07:35.721
5.3485,5.3491,2020-07-15 13:11:26.418
5.3554,5.356,2020-07-16 13:02:58.404
5.3504,5.351,2020-07-17 13:11:17.839
5.3629,5.3635,2020-07-20 13:07:24.239
5.2277,5.2283,2020-07-21 13:07:50.189
5.1105,5.1111,2020-07-22 13:06:27.826
5.1641,5.1647,2020-07-23 13:02:43.561
5.214,5.2146,2020-07-24 13:06:39.442
5.1883,5.1889,2020-07-27 13:09:55.206
5.1771,5.1777,2020-07-28 13:09:38.993
5.1389,5.1395,2020-07-29 13:10:36.800
5.1831,5.1837,2020-07-30 13:07:49.442
5.2027,5.2033,2020-07-31 13:10:49.246
5.3069,5.3075,2020-08-03 13:06:35.557
5.3323,5.3329,2020-08-04 13:05:21.066
5.2754,5.276,2020-08-05 13:11:16.140
5.3425,5.3431,2020-08-06 13:07:56.769
5.4221,5.4227,2020-08-07 13:04:36.795
5.3927,5.3933,2020-08-10 13:06:31.550
5.4279,5.4285,2020-08-11 13:06:57.356
5.4545,5.4551,2020-08-12 13:08:37.572
5.3795,5.3801,2020-08-13 13:03:41.053
5.3846,5.3852,2020-08-14 13:04:46.426
5.4491,5.4497,2020-08-17 13:04:25.011
5.4653,5.4659,2020-08-18 13:10:27.290
5.49,5.4906,2020-08-19 13:04:18.066
5.6504,5.651,2020-08-20 13:12:12.269
5.6058,5.6064,2020-08-21 13:10:47.776
5.5948,5.5954,2020-08-24 13:07:36.497
5.5991,5.5997,2020-08-25 13:04:34.810
5.5674,5.568,2020-08-26 13:09:12.058
5.595,5.5956,2020-08-27 13:03:22.308
5.4673,5.4679,2020-08-28 13:03:36.552
5.4707,5.4713,2020-08-31 13:09:40.474
5.3726,5.3732,2020-09-01 13:03:53.605
5.3735,5.3741,2020-09-02 13:11:38.411
5.3073,5.3079,2020-09-03 13:07:19.456
5.2842,5.2848,2020-09-04 13:12:57.959
5.3692,5.3698,2020-09-08 13:03:52.111
5.3018,5.3024,2020-09-09 13:07:44.623
5.293,5.2936,2020-09-10 13:08:00.643
5.2848,5.2854,2020-09-11 13:03:47.944
5.2978,5.2984,2020-09-14 13:11:26.344
5.2722,5.2728,2020-09-15 13:05:23.520
5.2526,5.2532,2020-09-16 13:07:28.885
5.2587,5.2593,2020-09-17 13:08:53.951
5.2883,5.2889,2020-09-18 13:07:46.211
5.4434,5.444,2020-09-21 13:04:34.571
5.4323,5.4329,2020-09-22 13:11:36.656
5.5305,5.5311,2020-09-23 13:02:28.624
5.5708,5.5714,2020-09-24 13:07:27.204
5.5661,5.5667,2020-09-25 13:09:42.279
5.5852,5.5858,2020-09-28 13:11:02.032
5.6521,5.6528,2020-09-29 13:09:39.687
5.6401,5.6407,2020-09-30 13:06:22.367
5.6435,5.6441,2020-10-01 13:05:08.462
5.6458,5.6464,2020-10-02 13:05:45.109
5.6293,5.6299,2020-10-05 13:09:39.902
5.5199,5.5205,2020-10-06 13:04:38.484
5.6012,5.6018,2020-10-07 13:04:21.610
5.6194,5.62,2020-10-08 13:08:20.208
5.5387,5.5393,2020-10-09 13:10:18.779
5.5854,5.5859,2020-10-13 13:08:38.848
5.5669,5.5675,2020-10-14 13:05:44.348
5.6166,5.6172,2020-10-15 13:04:30.297
5.622,5.6226,2020-10-16 13:04:22.018
5.6017,5.6023,2020-10-19 13:10:55.868
5.5824,5.583,2020-10-20 13:05:12.925
5.6,5.6006,2020-10-21 13:05:00.787
5.5814,5.582,2020-10-22 13:11:47.821
5.6114,5.612,2020-10-23 13:10:44.675
5.6322,5.6328,2020-10-26 13:03:19.882
5.6484,5.6491,2020-10-27 13:06:36.928
5.7319,5.7325,2020-10-28 13:03:30.304
5.7797,5.7803,2020-10-29 13:03:31.816
5.7712,5.7718,2020-10-30 13:08:24.661
5.6889,5.6895,2020-11-03 13:08:25.399
5.6926,5.6932,2020-11-04 13:13:38.246
5.5618,5.5624,2020-11-05 13:09:31.961
5.5307,5.5313,2020-11-06 13:07:44.214
5.2815,5.2821,2020-11-09 13:08:15.768
5.369,5.3696,2020-11-10 13:02:36.057
5.4014,5.402,2020-11-11 13:04:31.235
5.4088,5.4094,2020-11-12 13:07:25.979
5.4848,5.4854,2020-11-13 13:04:35.653
5.4192,5.4198,2020-11-16 13:11:21.917
5.3962,5.3968,2020-11-17 13:04:24.262
5.2926,5.2932,2020-11-18 13:02:46.462
5.3324,5.333,2020-11-19 13:10:57.643
5.3499,5.3505,2020-11-20 13:04:31.497
5.3822,5.3828,2020-11-23 13:03:25.810
5.4031,5.4037,2020-11-24 13:03:31.104
5.3502,5.3508,2020-11-25 13:09:44.227
5.3195,5.3201,2020-11-26 13:09:53.469
5.3488,5.3494,2020-11-27 13:04:23.917
5.3311,5.3317,2020-11-30 13:07:46.135
5.2783,5.2789,2020-12-01 13:07:29.851
5.2261,5.2267,2020-12-02 13:04:28.436
5.1619,5.1625,2020-12-03 13:05:32.922
5.17,5.1706,2020-12-04 13:05:12.458
5.1012,5.1018,2020-12-07 13:11:49.830
5.0914,5.092,2020-12-08 13:07:00.766
5.1103,5.1109,2020-12-09 13:10:25.198
5.0846,5.0852,2020-12-10 13:04:02.432
5.0685,5.0691,2020-12-11 13:09:43.711
5.0572,5.0578,2020-12-14 13:10:24.874
5.0962,5.0968,2020-12-15 13:07:49.009
5.1051,5.1057,2020-12-16 13:09:38.167
5.0606,5.0612,2020-12-17 13:09:33.728
5.098,5.0986,2020-12-18 13:11:24.831
5.1566,5.1572,2020-12-21 13:09:51.624
5.1467,5.1473,2020-12-22 13:09:47.694
5.1734,5.174,2020-12-23 13:07:33.284
5.1785,5.18,2020-12-24 11:05:27.743
5.2384,5.239,2020-12-28 13:12:02.307
5.1936,5.1942,2020-12-29 13:06:41.328
5.1961,5.1967,2020-12-30 13:09:38.491
5.1961,5.1967,2020-12-31 10:03:48.429
5.162,5.1626,2021-01-04 13:07:33.461
5.3263,5.3269,2021-01-05 13:11:14.045
5.3176,5.3182,2021-01-06 13:12:28.251
5.3427,5.3433,2021-01-07 13:11:33.564
5.3677,5.3683,2021-01-08 13:08:31.586
5.496,5.4966,2021-01-11 13:03:59.427
5.4631,5.4637,2021-01-12 13:07:38.023
5.3064,5.307,2021-01-13 13:03:31.966
5.2611,5.2617,2021-01-14 13:05:07.348
5.2708,5.2714,2021-01-15 13:02:58.513
5.2782,5.2788,2021-01-18 13:10:06.899
5.2939,5.2945,2021-01-19 13:06:50.916
5.3027,5.3033,2021-01-20 13:07:06.979
5.316,5.3166,2021-01-21 13:06:33.298
5.4295,5.4301,2021-01-22 13:03:37.619
5.5074,5.5089,2021-01-25 13:08:46.239
5.3859,5.3865,2021-01-26 13:02:34.963
5.3818,5.3824,2021-01-27 13:04:21.326
5.4276,5.4282,2021-01-28 13:04:39.485
5.4753,5.4759,2021-01-29 13:04:37.004
5.4602,5.4608,2021-02-01 13:08:36.919
5.3869,5.3875,2021-02-02 13:05:57.490
5.3417,5.3423,2021-02-03 13:10:45.471
5.3904,5.391,2021-02-04 13:10:25.186
5.3878,5.3884,2021-02-05 13:10:53.963
5.3664,5.367,2021-02-08 13:05:38.857
5.421,5.4216,2021-02-09 13:12:05.416
5.4018,5.4024,2021-02-10 13:08:47.187
5.362,5.3626,2021-02-11 13:03:46.675
5.3809,5.3815,2021-02-12 13:03:15.684
5.4132,5.4138,2021-02-17 15:35:16.801
5.4232,5.4238,2021-02-18 13:03:28.684
5.3918,5.3924,2021-02-19 13:03:33.813
5.5038,5.5044,2021-02-22 13:05:46.255
5.4484,5.449,2021-02-23 13:05:50.893
5.4176,5.4182,2021-02-24 13:05:50.381
5.4594,5.46,2021-02-25 13:09:32.447
5.5296,5.5302,2021-02-26 13:09:49.072
5.5826,5.5832,2021-03-01 13:02:42.218
5.6838,5.6844,2021-03-02 13:02:31.880
5.7336,5.7342,2021-03-03 13:03:05.720
5.6002,5.6008,2021-03-04 13:03:41.479
5.6864,5.687,2021-03-05 13:03:41.762
5.7337,5.7343,2021-03-08 13:09:22.896
5.8391,5.8397,2021-03-09 13:02:18.867
5.7443,5.7449,2021-03-10 13:03:03.679
5.5884,5.589,2021-03-11 13:09:41.810
5.5634,5.564,2021-03-12 13:10:24.500
5.629,5.6296,2021-03-15 13:09:02.239
5.5845,5.5851,2021-03-16 13:04:13.803
5.6573,5.6579,2021-03-17 13:05:58.239
5.5468,5.5474,2021-03-18 13:12:47.373
5.5076,5.5082,2021-03-19 13:04:01.590
5.5263,5.5269,2021-03-22 13:09:34.907
5.4945,5.4951,2021-03-23 13:04:27.849
5.5324,5.533,2021-03-24 13:06:00.477
5.6579,5.6585,2021-03-25 13:08:58.765
5.7036,5.7042,2021-03-26 13:02:36.682
5.7919,5.7925,2021-03-29 13:05:47.320
5.7636,5.7642,2021-03-30 13:10:22.800
5.6967,5.6973,2021-03-31 13:08:42.020
5.6843,5.6849,2021-04-01 13:06:02.403
5.6573,5.6579,2021-04-05 13:07:29.588
5.6257,5.6263,2021-04-06 13:11:23.453
5.5858,5.5864,2021-04-07 13:09:02.766
5.5811,5.5817,2021-04-08 13:07:48.500
5.6439,5.6445,2021-04-09 13:03:10.778
5.6576,5.6582,2021-04-12 13:10:02.238
5.7058,5.7064,2021-04-13 13:03:20.796
5.693,5.6936,2021-04-14 13:09:37.448
5.6228,5.6234,2021-04-15 13:05:23.315
5.6322,5.6328,2021-04-16 13:09:30.217
5.5744,5.575,2021-04-19 13:05:28.504
5.526,5.5266,2021-04-20 13:08:50.498
5.4964,5.497,2021-04-22 13:05:28.343
5.4781,5.4787,2021-04-23 13:09:33.759
5.456,5.4566,2021-04-26 13:08:23.898
5.4418,5.4424,2021-04-27 13:11:50.036
5.3999,5.4005,2021-04-28 13:06:50.637
5.3656,5.3662,2021-04-29 13:09:45.550
5.403,5.4036,2021-04-30 13:11:25.660
5.4081,5.4087,2021-05-03 13:08:02.769
5.4499,5.4505,2021-05-04 13:03:40.588
5.3866,5.3872,2021-05-05 13:02:35.001
5.2891,5.2897,2021-05-06 13:06:38.065
5.2211,5.2217,2021-05-07 13:02:46.693
5.2221,5.2227,2021-05-10 13:09:31.711
5.2397,5.2403,2021-05-11 13:07:53.048
5.2347,5.2353,2021-05-12 13:05:50.389
5.2809,5.2815,2021-05-13 13:03:00.191
5.2695,5.2701,2021-05-14 13:03:03.149
5.2749,5.2755,2021-05-17 13:07:28.963
5.2582,5.2588,2021-05-18 13:06:44.978
5.2816,5.2822,2021-05-19 13:10:26.529
5.2899,5.2905,2021-05-20 13:06:37.390
5.3021,5.3027,2021-05-21 13:11:21.274
5.3192,5.3198,2021-05-24 13:07:26.965
5.3137,5.3143,2021-05-25 13:09:30.329
5.3158,5.3164,2021-05-26 13:05:31.717
5.2833,5.284,2021-05-27 13:11:43.040
5.2274,5.2281,2021-05-28 13:02:48.472
5.2316,5.2322,2021-05-31 13:05:18.893
5.163,5.1636,2021-06-01 13:06:30.264
5.114,5.1147,2021-06-02 13:07:32.550
5.0661,5.0666,2021-06-04 13:06:33.737
5.0492,5.0498,2021-06-07 13:11:52.185
5.0483,5.0489,2021-06-08 14:01:39.931
5.0527,5.0533,2021-06-09 13:10:42.620
5.0629,5.0635,2021-06-10 13:09:29.811
5.1184,5.119,2021-06-11 13:02:27.961
5.0701,5.0707,2021-06-14 13:10:21.127
5.0868,5.0874,2021-06-15 13:10:21.757
5.0201,5.0207,2021-06-16 13:05:01.635
5.0353,5.0359,2021-06-17 13:11:28.535
5.0308,5.0314,2021-06-18 13:11:28.289
5.0367,5.0373,2021-06-21 13:02:54.318
5.0172,5.0178,2021-06-22 13:04:33.754
4.9513,4.9519,2021-06-23 13:07:38.679
4.9271,4.9277,2021-06-24 13:11:26.580
4.92,4.9206,2021-06-25 13:05:48.514
4.9414,4.942,2021-06-28 13:06:23.426
4.9444,4.945,2021-06-29 13:03:53.546
5.0016,5.0022,2021-06-30 13:06:37.168
5.0049,5.0055,2021-07-01 13:03:46.579
5.0287,5.0293,2021-07-02 13:08:30.132
5.0743,5.0749,2021-07-05 13:03:50.569
5.1639,5.1645,2021-07-06 13:09:25.513
5.2322,5.2328,2021-07-07 13:06:38.600
5.2581,5.2587,2021-07-08 13:11:29.527
5.237,5.2393,2021-07-09 13:05:46.705
5.2233,5.2239,2021-07-12 13:05:40.687
5.1764,5.177,2021-07-13 13:09:24.310
5.0874,5.088,2021-07-14 13:03:27.052
5.0994,5.1,2021-07-15 13:09:28.656
5.0935,5.0941,2021-07-16 13:10:27.939
5.1972,5.1978,2021-07-19 13:06:31.319
5.2459,5.2465,2021-07-20 13:08:21.671
5.251,5.2516,2021-07-21 13:11:29.341
5.1972,5.1978,2021-07-22 13:06:20.960
5.1695,5.1701,2021-07-23 13:02:27.693
5.1857,5.1863,2021-07-26 13:09:24.808
5.1663,5.1669,2021-07-27 13:08:47.867
5.1521,5.1527,2021-07-28 13:11:25.461
5.0676,5.0682,2021-07-29 13:09:30.818
5.121,5.1216,2021-07-30 13:05:44.156
5.1373,5.1379,2021-08-02 13:02:33.944
5.2458,5.2464,2021-08-03 13:11:44.499
5.2085,5.2091,2021-08-04 13:08:24.432
5.1459,5.1464,2021-08-05 13:05:22.009
5.2404,5.241,2021-08-06 13:11:22.291
5.2768,5.2774,2021-08-09 13:03:18.998
5.2211,5.2217,2021-08-10 13:08:48.486
5.2007,5.2013,2021-08-11 13:06:20.370
5.2345,5.2351,2021-08-12 13:03:08.322
5.2468,5.2474,2021-08-13 13:04:27.621
5.2489,5.2495,2021-08-16 13:05:49.701
5.2579,5.2585,2021-08-17 13:10:47.981
5.3019,5.3025,2021-08-18 13:05:48.476
5.4174,5.418,2021-08-19 13:07:17.880
5.4268,5.4274,2021-08-20 13:10:39.797
5.368,5.3686,2021-08-23 13:10:34.583
5.3011,5.3017,2021-08-24 13:10:22.530
5.2459,5.2465,2021-08-25 13:10:40.424
5.2423,5.2429,2021-08-26 13:10:49.078
5.2194,5.22,2021-08-27 13:11:22.717
5.1946,5.1952,2021-08-30 13:07:25.721
5.1427,5.1433,2021-08-31 13:10:23.684
5.157,5.1576,2021-09-01 13:11:06.324
5.1729,5.1735,2021-09-02 13:11:17.302
5.1679,5.1685,2021-09-03 13:03:21.611
5.1767,5.1773,2021-09-06 13:06:02.111
5.2518,5.2524,2021-09-08 13:09:22.725
5.2819,5.2825,2021-09-09 13:02:42.197
5.2152,5.2158,2021-09-10 13:06:44.542
5.2184,5.219,2021-09-13 13:11:57.689
5.2254,5.226,2021-09-14 13:05:29.154
5.257,5.2576,2021-09-15 13:09:33.824
5.2588,5.2594,2021-09-16 13:07:34.198
5.3097,5.3103,2021-09-17 13:05:44.302
5.3326,5.3332,2021-09-20 13:09:20.651
5.3038,5.3044,2021-09-21 13:05:29.475
5.2777,5.2783,2021-09-22 13:08:29.983
5.2885,5.2891,2021-09-23 13:03:07.356
5.3429,5.3435,2021-09-24 13:03:32.594
5.3472,5.3478,2021-09-27 13:10:20.907
5.42,5.4206,2021-09-28 13:02:28.318
5.4167,5.4173,2021-09-29 13:07:36.017
5.4388,5.4394,2021-09-30 13:08:39.486
5.3905,5.3911,2021-10-01 13:09:55.606
5.4198,5.4204,2021-10-04 13:04:19.644
5.4605,5.4611,2021-10-05 13:03:21.673
5.5091,5.5097,2021-10-06 13:06:37.922
5.5134,5.514,2021-10-07 13:08:32.904
5.5078,5.5084,2021-10-08 13:09:33.086
5.5155,5.5161,2021-10-11 13:11:50.974
5.5464,5.5471,2021-10-13 13:07:53.148
5.4982,5.4988,2021-10-14 13:08:19.087
5.4504,5.451,2021-10-15 13:09:00.092
5.5187,5.5193,2021-10-18 13:10:12.364
5.5515,5.5521,2021-10-19 13:03:26.566
5.5565,5.5571,2021-10-20 13:08:38.286
5.6417,5.6423,2021-10-21 13:09:24.845
5.7111,5.7117,2021-10-22 13:04:31.126
5.5967,5.5973,2021-10-25 13:08:21.969
5.5794,5.58,2021-10-26 13:11:02.479
5.5661,5.5667,2021-10-27 13:11:29.186
5.6118,5.6124,2021-10-28 13:09:22.681
5.6424,5.643,2021-10-29 13:10:37.643
5.6688,5.6694,2021-11-01 13:06:32.202
5.6666,5.6672,2021-11-03 13:11:45.357
5.5936,5.5942,2021-11-04 13:05:50.751
5.5449,5.5455,2021-11-05 13:09:32.052
5.5621,5.5627,2021-11-08 13:11:26.233
5.4951,5.4957,2021-11-09 13:06:40.602
5.4584,5.459,2021-11-10 13:09:36.334
5.4165,5.4171,2021-11-11 13:08:27.923
5.4193,5.4199,2021-11-12 13:10:27.887
5.4766,5.4772,2021-11-16 13:10:00.160
5.4987,5.4993,2021-11-17 13:05:38.588
5.5464,5.547,2021-11-18 13:09:29.964
5.5578,5.5584,2021-11-19 13:10:31.479
5.5835,5.5841,2021-11-22 13:08:59.918
5.645,5.6456,2021-11-23 13:06:27.700
5.6021,5.6027,2021-11-24 13:10:24.939
5.5734,5.574,2021-11-25 13:11:38.492
5.5859,5.5865,2021-11-26 13:07:20.220
5.6112,5.6118,2021-11-29 13:10:42.305
5.6193,5.6199,2021-11-30 13:08:45.864
5.6162,5.6168,2021-12-01 13:08:37.975
5.6339,5.6345,2021-12-02 13:06:24.696
5.6426,5.6432,2021-12-03 13:09:31.634
5.6871,5.6877,2021-12-06 13:03:38.199
5.6405,5.6411,2021-12-07 13:10:09.863
5.5773,5.5779,2021-12-08 13:08:22.113
5.5558,5.5564,2021-12-09 13:06:48.535
5.5925,5.5931,2021-12-10 13:05:20.676
5.6351,5.6357,2021-12-13 13:08:20.616
5.6455,5.6461,2021-12-14 13:02:44.686
5.7121,5.7127,2021-12-15 13:02:22.464
5.6957,5.6963,2021-12-16 13:10:33.547
5.6953,5.6959,2021-12-17 13:04:24.245
5.7049,5.7055,2021-12-20 13:08:24.888
5.7367,5.7372,2021-12-21 13:05:52.535
5.7195,5.7201,2021-12-22 13:11:23.873
5.6904,5.691,2021-12-23 13:11:33.328
5.6541,5.6591,2021-12-24 11:04:02.178
5.6644,5.665,2021-12-27 13:02:39.238
5.6432,5.6438,2021-12-28 13:09:32.360
5.6613,5.6619,2021-12-29 13:09:53.696
5.5799,5.5805,2021-12-30 13:05:01.310
5.5799,5.5805,2021-12-31 10:04:20.895
5.6303,5.6309,2022-01-03 13:11:50.357
5.677,5.6776,2022-01-04 13:08:59.123
5.6622,5.6628,2022-01-05 13:07:53.094
5.7036,5.7042,2022-01-06 13:09:47.715
5.6747,5.6753,2022-01-07 13:02:38.206
5.673,5.6736,2022-01-10 13:09:59.748
5.6345,5.6351,2022-01-11 13:05:48.123
5.5605,5.5611,2022-01-12 13:11:22.447
5.524,5.5246,2022-01-13 13:11:46.392
5.5343,5.5349,2022-01-14 13:11:21.479
5.5052,5.5058,2022-01-17 13:07:26.765
5.5207,5.5213,2022-01-18 13:07:15.815
5.4972,5.4978,2022-01-19 13:05:07.579
5.416,5.4166,2022-01-20 13:04:23.016
5.4395,5.4401,2022-01-21 13:04:25.546
5.4904,5.491,2022-01-24 13:07:27.017
5.4965,5.4971,2022-01-25 13:11:44.196
5.4318,5.4324,2022-01-26 13:04:29.562
5.3806,5.3812,2022-01-27 13:10:49.065
5.3948,5.3954,2022-01-28 13:07:34.130
5.3568,5.3574,2022-01-31 13:07:02.511
5.2804,5.281,2022-02-01 13:11:36.020
5.295,5.2956,2022-02-02 13:08:05.638
5.3019,5.3025,2022-02-03 13:08:37.024
5.3278,5.3284,2022-02-04 13:07:07.273
5.2907,5.2913,2022-02-07 13:08:01.823
5.2693,5.2699,2022-02-08 13:07:58.147
5.2729,5.2735,2022-02-09 13:11:29.304
5.2095,5.2101,2022-02-10 13:08:55.539
5.1981,5.1987,2022-02-11 13:03:38.998
5.21,5.2106,2022-02-14 13:09:33.007
5.1875,5.1881,2022-02-15 13:05:34.033
5.1624,5.163,2022-02-16 13:10:37.566
5.1559,5.1565,2022-02-17 13:12:26.671
5.1333,5.1339,2022-02-18 13:05:57.468
5.0991,5.0997,2022-02-21 13:10:29.470
5.0605,5.0611,2022-02-22 13:09:33.564
5.0137,5.0143,2022-02-23 13:03:32.596
5.1168,5.1174,2022-02-24 13:04:46.054
5.1388,5.1394,2022-02-25 13:10:42.683
5.1341,5.1347,2022-03-02 15:36:09.747
5.0473,5.0479,2022-03-03 13:04:52.092
5.0752,5.0758,2022-03-04 13:09:36.239
5.0573,5.0579,2022-03-07 13:05:57.356
5.0897,5.0903,2022-03-08 13:07:29.790
5.0088,5.0094,2022-03-09 13:06:16.943
5.0507,5.0513,2022-03-10 16:48:39.068
5.0249,5.0255,2022-03-11 13:07:56.436
5.0641,5.0647,2022-03-14 13:03:12.300
5.1308,5.1314,2022-03-15 13:03:52.083
5.1281,5.1287,2022-03-16 13:03:52.732
5.0758,5.0764,2022-03-17 16:48:38.165
5.0405,5.0411,2022-03-18 13:06:29.828
4.966,4.9666,2022-03-21 14:00:57.535
4.9202,4.9208,2022-03-22 14:32:26.024
4.8698,4.8704,2022-03-23 15:44:06.864
4.8061,4.8067,2022-03-24 14:51:17.144
4.7776,4.7782,2022-03-25 17:47:18.116
4.7899,4.7905,2022-03-28 17:46:38.607
4.748,4.7486,2022-03-29 15:02:02.979
4.7491,4.7497,2022-03-30 16:32:07.875
4.7372,4.7378,2022-03-31 14:36:26.861
4.6978,4.6984,2022-04-01 17:35:59.590
4.6169,4.6175,2022-04-04 16:00:14.350
4.6394,4.64,2022-04-05 17:16:09.716
4.6961,4.6967,2022-04-06 15:05:57.040
4.7416,4.7422,2022-04-07 14:11:06.463
4.7507,4.7513,2022-04-08 16:18:04.337
4.7019,4.7025,2022-04-11 15:43:03.831
4.6477,4.6483,2022-04-12 17:05:36.189
4.6805,4.6811,2022-04-13 16:13:06.854
4.7152,4.7158,2022-04-14 17:11:02.291
4.674,4.6746,2022-04-18 17:41:39.883
4.6658,4.6664,2022-04-19 15:38:04.563
4.6391,4.6397,2022-04-20 14:18:24.939
4.732,4.7326,2022-04-22 14:39:05.380
4.8812,4.8818,2022-04-25 15:12:42.296
4.966,4.9666,2022-04-26 13:37:30.625
5.0161,5.0167,2022-04-27 16:16:00.755
5.0104,5.011,2022-04-28 15:27:33.857
4.9185,4.9191,2022-04-29 16:18:41.484
5.026,5.0266,2022-05-02 15:57:38.053
5.0161,5.0167,2022-05-03 16:10:11.909
5.0087,5.0093,2022-05-04 15:35:11.769
5.0045,5.0051,2022-05-05 17:33:19.051
5.0744,5.075,2022-05-06 17:46:43.972
5.1334,5.134,2022-05-09 15:14:40.558
5.1384,5.139,2022-05-10 17:00:24.737
5.1238,5.1244,2022-05-11 15:32:26.156
5.1476,5.1482,2022-05-12 13:27:48.769
5.1069,5.1075,2022-05-13 17:28:27.668
5.066,5.0666,2022-05-16 17:40:33.187
4.967,4.9676,2022-05-17 17:51:39.571
4.9586,4.9592,2022-05-18 17:40:40.788
4.9192,4.9198,2022-05-19 17:40:35.775
4.8771,4.8777,2022-05-20 17:26:43.960
4.7967,4.7973,2022-05-23 17:44:34.491
4.81,4.8106,2022-05-24 17:30:50.699
4.8353,4.8359,2022-05-25 17:45:25.412
4.7961,4.7967,2022-05-26 17:45:52.222
4.7428,4.7434,2022-05-27 17:51:07.600
4.721,4.7216,2022-05-30 17:45:07.391
4.7283,4.7289,2022-05-31 15:23:56.479
4.7759,4.7765,2022-06-01 17:29:06.058
4.7873,4.7879,2022-06-02 17:40:44.558
4.795,4.7956,2022-06-03 17:49:42.458
4.7833,4.7839,2022-06-06 17:44:31.007
4.8903,4.8909,2022-06-07 17:45:37.773
4.8705,4.8711,2022-06-08 17:43:05.034
4.8945,4.8951,2022-06-09 17:46:58.957
4.983,4.9836,2022-06-10 14:17:28.056
5.1027,5.1033,2022-06-13 17:02:35.611
5.1197,5.1203,2022-06-14 13:13:09.804
5.1113,5.1119,2022-06-15 13:04:27.979
5.1307,5.1313,2022-06-17 17:40:40.675
5.1635,5.1641,2022-06-20 17:29:21.144
5.1456,5.1462,2022-06-21 17:34:35.466
5.1503,5.1509,2022-06-22 17:30:05.185
5.1827,5.1833,2022-06-23 17:29:56.231
5.2328,5.2334,2022-06-24 17:30:09.822
5.2208,5.2214,2022-06-27 17:30:26.248
5.2173,5.2179,2022-06-28 17:30:22.055
5.2262,5.2268,2022-06-29 17:29:44.985
5.2374,5.238,2022-06-30 14:12:37.587
5.3136,5.3142,2022-07-01 17:30:30.878
5.3032,5.3038,2022-07-04 17:45:05.990
5.3893,5.3899,2022-07-05 13:04:41.523
5.4315,5.4321,2022-07-06 13:04:56.355
5.3634,5.364,2022-07-07 13:12:50.764
5.308,5.3086,2022-07-08 13:07:51.117
5.3471,5.3477,2022-07-11 13:09:17.698
5.4114,5.412,2022-07-12 13:08:49.345
5.3987,5.3992,2022-07-13 13:08:51.805
5.4562,5.4568,2022-07-14 13:10:34.385
5.4008,5.4014,2022-07-15 13:10:05.979
5.3669,5.3675,2022-07-18 13:07:28.310
5.3898,5.3904,2022-07-19 13:10:26.765
5.4282,5.4288,2022-07-20 13:09:30.767
5.4744,5.475,2022-07-21 13:03:29.345
5.4516,5.4522,2022-07-22 13:10:35.505
5.4138,5.4144,2022-07-25 13:10:35.499
5.3602,5.3608,2022-07-26 13:05:44.804
5.3068,5.3074,2022-07-27 13:09:27.663
5.2143,5.2149,2022-07-28 13:04:20.814
5.1878,5.1884,2022-07-29 13:03:53.767
5.16,5.1606,2022-08-01 13:06:46.545
5.2323,5.2329,2022-08-02 13:02:54.400
5.284,5.2846,2022-08-03 13:07:19.824
5.2403,5.2409,2022-08-04 13:08:35.226
5.2159,5.2165,2022-08-05 13:08:35.185
5.1241,5.1247,2022-08-08 13:02:50.301
5.1218,5.1224,2022-08-09 13:09:16.253
5.0491,5.0497,2022-08-10 13:05:56.461
5.1121,5.1127,2022-08-11 13:04:23.768
5.1017,5.1023,2022-08-12 13:10:45.806
5.0919,5.0925,2022-08-15 13:11:49.159
5.1334,5.134,2022-08-16 13:02:21.540
5.1779,5.1784,2022-08-17 13:03:45.310
5.1767,5.1773,2022-08-18 13:09:55.325
5.1955,5.1961,2022-08-19 13:08:28.058
5.1703,5.1709,2022-08-22 13:08:17.775
5.1024,5.103,2022-08-23 13:03:32.546
5.1044,5.105,2022-08-24 13:06:41.220
5.1167,5.1173,2022-08-25 13:11:37.558
5.0897,5.0903,2022-08-26 13:07:47.853
5.0423,5.0428,2022-08-29 13:08:40.091
5.0611,5.0617,2022-08-30 13:05:26.951
5.1784,5.179,2022-08-31 13:11:50.908
5.2001,5.2007,2022-09-01 13:03:45.827
5.1872,5.1878,2022-09-02 13:04:32.682
5.168,5.1686,2022-09-05 13:07:49.129
5.2222,5.2228,2022-09-06 13:07:31.659
5.2149,5.2155,2022-09-08 13:03:34.235
5.1627,5.1633,2022-09-09 13:04:40.573
5.1177,5.1183,2022-09-12 13:04:46.736
5.1788,5.1794,2022-09-13 13:03:42.285
5.1768,5.1774,2022-09-14 13:03:34.617
5.2205,5.2211,2022-09-15 13:09:34.544
5.2876,5.2882,2022-09-16 13:05:37.799
5.2361,5.2367,2022-09-19 13:04:15.956
5.1699,5.1705,2022-09-20 13:11:23.153
5.1686,5.1692,2022-09-21 13:07:23.621
5.1671,5.1677,2022-09-22 13:11:26.236
5.2251,5.2257,2022-09-23 13:07:25.518
5.3542,5.3548,2022-09-26 13:03:25.517
5.3502,5.3508,2022-09-27 13:05:39.849
5.3588,5.3594,2022-09-28 13:10:42.792
5.391,5.3916,2022-09-29 13:09:31.598
5.406,5.4066,2022-09-30 13:11:25.068
5.1996,5.2002,2022-10-03 13:11:21.348
5.1405,5.1411,2022-10-04 13:08:44.066
5.2138,5.2144,2022-10-05 13:10:18.033
5.2002,5.2009,2022-10-06 13:12:56.082
5.2215,5.2221,2022-10-07 13:09:26.493
5.1935,5.1941,2022-10-10 13:10:22.992
5.2061,5.2068,2022-10-11 13:07:18.337
5.3011,5.3017,2022-10-13 13:11:27.586
5.2818,5.2824,2022-10-14 13:09:47.814
5.2707,5.2713,2022-10-17 13:05:45.671
5.2691,5.2697,2022-10-18 13:05:36.853
5.2802,5.2808,2022-10-19 13:08:05.374
5.217,5.2176,2022-10-20 13:02:47.443
5.1913,5.1919,2022-10-21 13:17:55.523
5.2738,5.2744,2022-10-24 13:05:20.843
5.3085,5.3091,2022-10-25 13:07:14.227
5.3242,5.3248,2022-10-26 13:04:30.612
5.2997,5.3003,2022-10-27 13:06:30.192
5.3449,5.3454,2022-10-28 13:02:58.199
5.2564,5.257,2022-10-31 13:04:22.102
5.1494,5.15,2022-11-01 13:10:55.248
5.1343,5.1349,2022-11-03 13:02:52.764
5.0354,5.036,2022-11-04 13:03:16.629
5.088,5.0886,2022-11-07 13:02:54.494
5.1738,5.1744,2022-11-08 13:04:00.794
5.1623,5.1629,2022-11-09 13:08:44.734
5.3058,5.3064,2022-11-10 13:10:24.497
5.3045,5.3051,2022-11-11 13:09:19.919
5.3007,5.3013,2022-11-14 13:08:19.373
5.3198,5.3204,2022-11-16 13:08:18.961
5.4649,5.4655,2022-11-17 13:02:22.134
5.3471,5.3477,2022-11-18 13:11:20.538
5.3253,5.3259,2022-11-21 13:10:12.382
5.3333,5.3339,2022-11-22 13:03:34.589
5.3924,5.393,2022-11-23 13:06:31.131
5.3143,5.3149,2022-11-24 13:06:20.884
5.3502,5.3508,2022-11-25 13:04:23.858
5.3791,5.3796,2022-11-28 13:05:34.059
5.307,5.3076,2022-11-29 13:04:21.435
5.2935,5.2941,2022-11-30 13:08:28.601
5.1942,5.1948,2022-12-01 13:09:56.009
5.1968,5.1974,2022-12-02 13:03:46.581
5.2457,5.2464,2022-12-05 13:09:22.368
5.239,5.2396,2022-12-06 13:03:41.870
5.2202,5.2208,2022-12-07 13:05:19.208
5.2085,5.2091,2022-12-08 13:02:26.317
5.239,5.2396,2022-12-09 13:09:49.371
5.306,5.3066,2022-12-12 13:09:23.408
5.2663,5.2669,2022-12-13 13:05:48.922
5.34,5.3406,2022-12-14 13:02:32.928
5.3177,5.3183,2022-12-15 13:03:19.259
5.2801,5.2806,2022-12-16 13:07:20.005
5.3154,5.316,2022-12-19 13:04:27.573
5.2421,5.2427,2022-12-20 13:07:21.434
5.2025,5.2031,2022-12-21 13:06:24.155
5.1865,5.1871,2022-12-22 13:07:28.922
5.1439,5.1445,2022-12-23 13:06:17.245
5.1866,5.1872,2022-12-26 13:02:34.713
5.2826,5.2832,2022-12-27 13:08:37.122
5.273,5.2736,2022-12-28 13:11:34.605
5.2171,5.2177,2022-12-29 13:09:02.376
5.2171,5.2177,2022-12-30 10:05:02.267
5.343,5.3436,2023-01-02 13:05:57.593
5.3753,5.3759,2023-01-03 13:11:19.080
5.4453,5.4459,2023-01-04 13:09:19.572
5.402,5.4026,2023-01-05 13:03:32.262
5.2849,5.2855,2023-01-06 13:02:28.727
5.2961,5.2967,2023-01-09 13:07:16.725
5.2389,5.2395,2023-01-10 13:05:25.681
5.2014,5.202,2023-01-11 13:07:22.492
5.1394,5.14,2023-01-12 13:09:27.278
5.114,5.1146,2023-01-13 13:10:23.139
5.1109,5.1115,2023-01-16 13:07:23.230
5.1197,5.1203,2023-01-17 13:09:23.089
5.0903,5.0909,2023-01-18 13:11:36.521
5.2138,5.2144,2023-01-19 13:07:18.678
5.198,5.1986,2023-01-20 13:08:32.655
5.1916,5.1922,2023-01-23 13:10:05.284
5.169,5.1696,2023-01-24 13:07:36.435
5.1036,5.1042,2023-01-25 13:05:22.246
5.0945,5.0951,2023-01-26 13:02:40.388
5.0761,5.0767,2023-01-27 13:02:20.823
5.0953,5.0959,2023-01-30 13:09:30.184
5.0987,5.0993,2023-01-31 13:11:17.029
5.0715,5.0721,2023-02-01 13:04:23.003
4.9895,4.9901,2023-02-02 13:06:34.991
5.1024,5.103,2023-02-03 13:10:20.729
5.1757,5.1763,2023-02-06 13:09:36.686
5.1689,5.1695,2023-02-07 13:10:17.648
5.203,5.2036,2023-02-08 13:08:42.613
5.2309,5.2315,2023-02-09 13:06:23.349
5.252,5.2526,2023-02-10 13:11:17.992
5.1828,5.1834,2023-02-13 13:07:17.912
5.1501,5.1507,2023-02-14 13:04:31.517
5.2237,5.2243,2023-02-15 13:10:05.932
5.2426,5.2432,2023-02-16 13:07:19.160
5.2006,5.2012,2023-02-17 13:11:21.869
5.1724,5.173,2023-02-22 15:39:24.527
5.1324,5.133,2023-02-23 13:05:18.359
5.1785,5.1791,2023-02-24 13:10:55.215
5.1954,5.196,2023-02-27 13:11:43.013
5.2072,5.2078,2023-02-28 13:11:19.197
5.2064,5.207,2023-03-01 13:07:21.400
5.2074,5.208,2023-03-02 13:09:37.928
5.2031,5.2037,2023-03-03 13:04:25.958
5.1964,5.197,2023-03-06 13:06:23.946
5.1895,5.1901,2023-03-07 13:04:16.368
5.1381,5.1387,2023-03-08 13:08:39.391
5.1347,5.1353,2023-03-09 13:07:27.955
5.1816,5.1822,2023-03-10 13:04:39.316
5.2394,5.24,2023-03-13 13:07:19.847
5.2356,5.2362,2023-03-14 13:06:42.426
5.2975,5.2981,2023-03-15 13:10:23.373
5.2886,5.2892,2023-03-16 13:08:36.441
5.2673,5.2679,2023-03-17 13:06:41.604
5.2461,5.2467,2023-03-20 13:09:32.724
5.2438,5.2444,2023-03-21 13:02:26.895
5.2642,5.2648,2023-03-22 13:03:35.608
5.2626,5.2632,2023-03-23 13:11:17.083
5.2915,5.2921,2023-03-24 13:10:20.867
5.23,5.2306,2023-03-27 13:04:25.505
5.1727,5.1733,2023-03-28 13:06:23.561
5.1487,5.1493,2023-03-29 13:03:45.818
5.1248,5.1254,2023-03-30 13:11:18.582
5.0798,5.0804,2023-03-31 13:03:22.571
5.0631,5.0637,2023-04-03 13:04:18.827
5.0756,5.0762,2023-04-04 13:04:34.464
5.0441,5.0447,2023-04-05 13:05:17.533
5.0677,5.0683,2023-04-06 13:03:26.701
5.0828,5.0834,2023-04-10 13:06:33.063
5.0122,5.0128,2023-04-11 13:08:32.067
4.949,4.9496,2023-04-12 13:06:18.938
4.9091,4.9097,2023-04-13 13:05:15.825
4.9449,4.9455,2023-04-14 13:05:18.797
4.9415,4.9421,2023-04-17 13:27:04.050
4.9672,4.9678,2023-04-18 13:06:23.327
5.0461,5.0467,2023-04-19 13:05:45.757
5.0491,5.0497,2023-04-20 13:06:23.988
5.0589,5.0595,2023-04-24 13:11:39.727
5.0607,5.0613,2023-04-25 13:06:29.387
5.0579,5.0585,2023-04-26 13:09:29.782
5.0144,5.015,2023-04-27 13:02:22.639
5.0001,5.0007,2023-04-28 13:06:19.082
5.0329,5.0334,2023-05-02 13:10:18.402
5.0221,5.0227,2023-05-03 13:02:19.835
5.01,5.0106,2023-05-04 13:04:49.822
4.969,4.9696,2023-05-05 13:05:21.278
4.969,4.9696,2023-05-08 13:02:22.317
5.0001,5.0007,2023-05-09 13:08:21.788
4.9541,4.9547,2023-05-10 13:03:19.227
4.969,4.9696,2023-05-11 13:09:27.758
4.9228,4.9234,2023-05-12 13:06:02.799
4.9097,4.9103,2023-05-15 13:04:38.278
4.9116,4.9122,2023-05-16 13:09:16.669
4.9507,4.9513,2023-05-17 13:06:15.757
4.9641,4.9647,2023-05-18 13:09:20.696
4.9852,4.9858,2023-05-19 13:08:16.885
4.9674,4.968,2023-05-22 13:05:22.716
4.9668,4.9674,2023-05-23 13:08:23.321
4.9468,4.9474,2023-05-24 13:04:35.737
4.9984,4.999,2023-05-25 13:04:36.531
5.0108,5.0114,2023-05-26 13:07:17.730
4.9948,4.9954,2023-05-29 13:10:18.540
5.0587,5.0593,2023-05-30 13:11:51.392
5.0953,5.0959,2023-05-31 13:08:48.515
5.0344,5.035,2023-06-01 13:07:17.224
4.9552,4.9558,2023-06-02 13:11:19.302
4.923,4.9236,2023-06-05 13:09:24.732
4.9286,4.9292,2023-06-06 13:06:25.817
4.9113,4.9119,2023-06-07 13:09:16.372
4.8916,4.8922,2023-06-09 13:10:17.920
4.8826,4.8832,2023-06-12 13:03:35.049
4.8527,4.8533,2023-06-13 13:09:17.108
4.8456,4.8462,2023-06-14 13:06:22.300
4.8216,4.8222,2023-06-15 13:09:16.317
4.828,4.8286,2023-06-16 13:02:18.255
4.7797,4.7803,2023-06-19 13:07:00.300
4.7924,4.793,2023-06-20 13:05:18.124
4.7789,4.7795,2023-06-21 13:02:16.485
4.7744,4.775,2023-06-22 13:08:23.693
4.7793,4.7799,2023-06-23 13:09:21.781
4.7692,4.7698,2023-06-26 13:02:20.091
4.7897,4.7903,2023-06-27 13:05:03.712
4.8557,4.8563,2023-06-28 13:10:26.062
4.8578,4.8584,2023-06-29 13:03:21.705
4.8186,4.8192,2023-06-30 13:10:24.365
4.787,4.7876,2023-07-03 13:07:21.026
4.805,4.8056,2023-07-04 13:06:26.268
4.8571,4.8577,2023-07-05 13:11:18.189
4.8971,4.8977,2023-07-06 13:07:23.157
4.8793,4.8799,2023-07-07 13:03:18.040
4.8729,4.8735,2023-07-10 13:09:19.369
4.8943,4.8949,2023-07-11 13:03:43.480
4.8052,4.8058,2023-07-12 13:07:21.656
4.8032,4.8038,2023-07-13 13:09:16.600
4.7951,4.7957,2023-07-14 13:08:19.613
4.8296,4.8302,2023-07-17 13:06:45.114
4.8034,4.804,2023-07-18 13:04:55.125
4.7994,4.8,2023-07-19 13:08:34.698
4.7882,4.7888,2023-07-20 13:10:25.034
4.7726,4.7732,2023-07-21 13:03:18.130
4.7451,4.7457,2023-07-24 13:07:25.216
4.749,4.7496,2023-07-25 13:11:28.371
4.7362,4.7368,2023-07-26 13:03:17.208
4.7196,4.7202,2023-07-27 13:09:18.232
4.7247,4.7253,2023-07-28 13:02:47.965
4.7409,4.7415,2023-07-31 13:02:52.412
4.7746,4.7752,2023-08-01 13:06:17.378
4.8077,4.8083,2023-08-02 13:10:20.270
4.8791,4.8797,2023-08-03 13:08:03.164
4.8603,4.8609,2023-08-04 13:04:37.236
4.9004,4.901,2023-08-07 13:07:35.511
4.9211,4.9217,2023-08-08 13:04:21.789
4.9009,4.9015,2023-08-09 13:03:21.687
4.8512,4.8518,2023-08-10 13:12:06.353
4.8912,4.8918,2023-08-11 13:03:44.628
4.9475,4.9481,2023-08-14 13:09:35.618
4.9806,4.9812,2023-08-15 13:11:36.648
4.9765,4.9772,2023-08-16 13:04:51.036
4.981,4.9816,2023-08-17 13:03:34.290
4.9718,4.9724,2023-08-18 13:11:27.956
4.9841,4.9847,2023-08-21 13:10:30.405
4.9425,4.9431,2023-08-22 13:10:36.380
4.8971,4.8977,2023-08-23 13:11:37.796
4.8742,4.8748,2023-08-24 13:09:40.271
4.8766,4.8772,2023-08-25 13:08:26.496
4.8933,4.8938,2023-08-28 13:08:30.597
4.87,4.8706,2023-08-29 13:04:32.275
4.8647,4.8653,2023-08-30 13:06:37.133
4.9213,4.9219,2023-08-31 13:02:58.521
4.9312,4.9318,2023-09-01 13:10:27.706
4.917,4.9176,2023-09-04 13:06:46.876
4.9699,4.9705,2023-09-05 13:02:32.338
4.9756,4.9762,2023-09-06 13:08:32.673
4.9829,4.9835,2023-09-08 13:11:28.677
4.936,4.9366,2023-09-11 13:07:29.047
4.9499,4.9505,2023-09-12 13:05:38.148
4.9165,4.9171,2023-09-13 13:08:19.757
4.8745,4.8751,2023-09-14 13:10:28.686
4.8683,4.8689,2023-09-15 13:11:32.198
4.8529,4.8535,2023-09-18 13:09:26.976
4.8569,4.8575,2023-09-19 13:03:30.155
4.8481,4.8487,2023-09-20 13:11:31.016
4.9223,4.9229,2023-09-21 13:06:45.141
4.9125,4.9131,2023-09-22 13:08:45.071
4.96,4.9606,2023-09-25 13:10:42.040
4.9711,4.9717,2023-09-26 13:10:33.749
5.0283,5.0289,2023-09-27 13:02:52.495
5.0469,5.0475,2023-09-28 13:02:35.109
5.007,5.0076,2023-09-29 13:09:29.084
5.0673,5.0679,2023-10-02 13:10:37.562
5.1094,5.11,2023-10-03 13:06:35.216
5.152,5.1526,2023-10-04 13:06:57.406
5.1707,5.1713,2023-10-05 13:08:41.646
5.1912,5.1918,2023-10-06 13:07:34.464
5.166,5.1666,2023-10-09 13:22:11.067
5.0856,5.0862,2023-10-10 13:11:30.760
5.049,5.0496,2023-10-11 13:05:06.911
5.0619,5.0625,2023-10-13 13:06:03.284
5.0612,5.0618,2023-10-16 13:05:08.040
5.0378,5.0384,2023-10-17 13:04:27.446
5.0562,5.0568,2023-10-18 13:10:35.363
5.0534,5.054,2023-10-19 13:07:36.744
5.0522,5.0528,2023-10-20 13:06:42.393
5.0158,5.0164,2023-10-23 13:07:40.798
5.0059,5.0065,2023-10-24 13:07:29.666
4.9975,4.9981,2023-10-25 13:08:28.731
5.0049,5.0055,2023-10-26 13:04:30.356
4.9474,4.948,2023-10-27 13:03:30.348
5.0068,5.0074,2023-10-30 13:03:39.266
5.0569,5.0575,2023-10-31 13:05:31.053
5.0188,5.0194,2023-11-01 13:11:42.100
4.8904,4.891,2023-11-03 13:05:47.571
4.8993,4.8999,2023-11-06 13:05:30.746
4.8664,4.867,2023-11-07 13:09:32.911
4.8849,4.8855,2023-11-08 13:09:36.404
4.9001,4.9007,2023-11-09 13:08:31.522
4.9213,4.9219,2023-11-10 13:05:44.478
4.924,4.9247,2023-11-13 13:11:27.540
4.8676,4.8682,2023-11-14 13:04:30.632
4.8569,4.8575,2023-11-16 13:06:32.070
4.8843,4.8849,2023-11-17 13:06:31.816
4.8717,4.8723,2023-11-20 13:05:32.464
4.88,4.8806,2023-11-21 13:07:37.677
4.8962,4.8968,2023-11-22 13:09:27.054
4.8925,4.8931,2023-11-23 13:08:28.913
4.8921,4.8927,2023-11-24 13:08:29.188
4.8945,4.8951,2023-11-27 13:08:38.431
4.8861,4.8867,2023-11-28 13:07:48.770
4.8927,4.8933,2023-11-29 13:09:28.279
4.9349,4.9355,2023-11-30 13:04:55.748
4.9185,4.9191,2023-12-01 13:04:28.599
4.9085,4.9091,2023-12-04 13:05:27.398
4.9516,4.9522,2023-12-05 13:05:41.139
4.9025,4.9031,2023-12-06 13:09:42.379
4.8943,4.8949,2023-12-07 13:04:06.964
4.9152,4.9158,2023-12-08 13:05:40.626
4.9434,4.944,2023-12-11 13:06:51.944
4.947,4.9476,2023-12-12 13:02:38.028
4.9573,4.958,2023-12-13 13:09:31.499
4.8906,4.8912,2023-12-14 13:09:42.568
4.9391,4.9397,2023-12-15 13:09:09.119
4.9393,4.9399,2023-12-18 13:05:33.405
4.8657,4.8663,2023-12-19 13:04:31.068
4.876,4.8766,2023-12-20 13:04:28.828
4.8749,4.8755,2023-12-21 13:07:35.231
4.8613,4.8619,2023-12-22 13:02:59.214
4.8362,4.8368,2023-12-26 13:07:41.053
4.83,4.8306,2023-12-27 13:05:01.784
4.8407,4.8413,2023-12-28 13:04:46.986
4.8407,4.8413,2023-12-29 10:04:11.873
4.891,4.8916,2024-01-02 13:05:50.319
4.9206,4.9212,2024-01-03 13:14:41.153
4.9182,4.9188,2024-01-04 13:05:35.048
4.8893,4.8899,2024-01-05 13:10:31.843
4.8844,4.885,2024-01-08 13:11:30.760
4.8931,4.8937,2024-01-09 13:09:30.847
4.8895,4.8901,2024-01-10 13:09:34.773
4.8788,4.8794,2024-01-11 17:03:40.620
4.8537,4.8543,2024-01-12 13:26:56.442
4.8759,4.8765,2024-01-15 13:38:08.191
4.9032,4.9038,2024-01-16 13:35:20.885
4.934,4.9346,2024-01-17 14:31:39.649
4.9397,4.9403,2024-01-18 14:01:21.265
4.9217,4.9223,2024-01-19 13:47:20.596
4.9484,4.949,2024-01-22 14:01:41.133
4.9709,4.9715,2024-01-23 13:45:44.855
4.9186,4.9192,2024-01-24 15:11:37.211
4.9226,4.9232,2024-01-25 14:04:32.162
4.9119,4.9125,2024-01-26 15:32:06.422
4.9219,4.9225,2024-01-29 13:32:10.106
4.9632,4.9638,2024-01-30 14:41:21.832
4.9529,4.9535,2024-01-31 15:06:26.221
4.9344,4.935,2024-02-01 14:06:13.552
4.9465,4.9471,2024-02-02 14:40:09.601
5.0047,5.0053,2024-02-05 13:56:02.361
4.9681,4.9687,2024-02-06 15:11:48.190
4.9602,4.9608,2024-02-07 14:22:27.517
4.9798,4.9804,2024-02-08 15:58:03.350
4.9711,4.9717,2024-02-09 17:00:17.365
4.9717,4.9723,2024-02-14 16:08:18.894
4.9704,4.971,2024-02-15 15:48:58.708
4.9755,4.9761,2024-02-16 15:17:16.154
4.9579,4.9585,2024-02-19 16:19:32.578
4.9402,4.9408,2024-02-20 16:53:02.730
4.9297,4.9303,2024-02-21 16:55:39.485
4.9413,4.9419,2024-02-22 14:54:54.287
4.9845,4.9851,2024-02-23 15:22:33.596
4.9813,4.9819,2024-02-26 14:20:09.253
4.9569,4.9575,2024-02-27 15:46:53.499
4.9551,4.9557,2024-02-28 15:24:17.185
4.9827,4.9833,2024-02-29 14:45:45.193
4.959,4.9596,2024-03-01 16:03:40.975
4.9469,4.9475,2024-03-04 14:42:02.179
4.9482,4.9488,2024-03-05 15:43:56.827
4.9392,4.9398,2024-03-06 14:56:03.471
4.9358,4.9364,2024-03-07 15:18:18.444
4.9745,4.9751,2024-03-08 15:00:11.918
4.9771,4.9777,2024-03-11 15:31:13.971
4.9807,4.9813,2024-03-12 14:50:50.460
4.9797,4.9803,2024-03-13 15:55:01.791
4.9762,4.9768,2024-03-14 14:45:30.493
4.9931,4.9937,2024-03-15 15:16:04.201
5.0118,5.0124,2024-03-18 14:10:32.770
5.0346,5.0352,2024-03-19 15:40:01.534
5.0114,5.012,2024-03-20 13:45:09.098
4.9801,4.9807,2024-03-21 14:36:42.310
4.9891,4.9897,2024-03-22 15:15:23.867
4.9863,4.9869,2024-03-25 16:00:00.987
4.9864,4.987,2024-03-26 15:40:45.601
4.985,4.9856,2024-03-27 15:15:35.846
4.9956,4.9962,2024-03-28 14:40:02.052
5.0526,5.0532,2024-04-01 15:50:06.195
5.0469,5.0476,2024-04-02 16:38:13.184
5.0718,5.0724,2024-04-03 15:35:28.284
5.0231,5.0237,2024-04-04 14:45:04.020
5.0514,5.052,2024-04-05 15:55:09.260
5.0415,5.0421,2024-04-08 15:00:05.182
5.0074,5.008,2024-04-09 15:50:01.524
5.0648,5.0654,2024-04-10 15:59:06.586
5.0759,5.0765,2024-04-11 14:55:12.983
5.1358,5.1364,2024-04-12 15:00:05.522
5.174,5.1746,2024-04-15 15:59:49.891
5.2628,5.2635,2024-04-16 15:50:06.851
5.2463,5.2469,2024-04-17 16:00:09.134
5.2506,5.2512,2024-04-18 16:00:18.309
5.2263,5.2269,2024-04-19 14:59:03.689
5.2037,5.2043,2024-04-22 16:00:10.542
5.162,5.1626,2024-04-23 15:35:21.576
5.1586,5.1592,2024-04-24 14:57:25.360
5.1673,5.1679,2024-04-25 15:16:13.834
5.1178,5.1184,2024-04-26 15:44:48.581
5.1149,5.1155,2024-04-29 13:08:20.023
5.1712,5.1718,2024-04-30 13:09:37.423
5.1178,5.1184,2024-05-02 13:07:09.245
5.0662,5.0668,2024-05-03 13:06:33.607
5.0721,5.0727,2024-05-06 13:06:55.822
5.0604,5.061,2024-05-07 13:05:59.873
5.0881,5.0887,2024-05-08 13:07:29.848
5.1571,5.1577,2024-05-09 13:07:40.583
5.1458,5.1464,2024-05-10 13:04:52.798
5.1406,5.1412,2024-05-13 13:11:29.962
5.135,5.1356,2024-05-14 13:04:30.818
5.1417,5.1423,2024-05-15 13:06:32.351
5.1264,5.127,2024-05-16 13:09:44.000
5.1151,5.1157,2024-05-17 13:10:28.887
5.1079,5.1085,2024-05-20 13:07:32.028
5.1031,5.1037,2024-05-21 13:06:29.619
5.1496,5.1502,2024-05-22 13:05:28.792
5.1437,5.1443,2024-05-23 13:03:33.437
5.1502,5.1508,2024-05-24 13:07:40.904
5.1698,5.1704,2024-05-27 13:15:28.728
5.1532,5.1538,2024-05-28 13:11:46.492
5.1966,5.1972,2024-05-29 13:07:36.410
5.241,5.2416,2024-05-31 13:03:45.288
5.2367,5.2373,2024-06-03 13:11:47.244
5.2681,5.2687,2024-06-04 13:02:40.107
5.2835,5.2841,2024-06-05 13:07:32.620
5.2675,5.2681,2024-06-06 13:10:31.917
5.2796,5.2802,2024-06-07 13:04:53.322
5.366,5.3666,2024-06-10 13:09:35.959
5.3519,5.3524,2024-06-11 13:08:34.928
5.3885,5.3891,2024-06-12 13:11:32.222
5.3968,5.3974,2024-06-13 13:11:06.004
5.3624,5.363,2024-06-14 13:06:31.494
5.4124,5.413,2024-06-17 13:10:32.154
5.4068,5.4074,2024-06-18 13:07:40.490
5.4641,5.4647,2024-06-19 13:09:27.702
5.4248,5.4254,2024-06-20 13:02:51.523
5.441,5.4416,2024-06-21 13:05:36.455
5.3994,5.4,2024-06-24 13:10:29.145
5.4283,5.429,2024-06-25 13:11:31.488
5.5091,5.5097,2024-06-26 13:10:43.551
5.5223,5.5229,2024-06-27 13:02:38.797
5.5583,5.5589,2024-06-28 13:08:04.301
5.5887,5.5893,2024-07-01 13:03:57.329
5.6671,5.6677,2024-07-02 13:08:31.707
5.5857,5.5863,2024-07-03 13:10:34.446
5.4833,5.4839,2024-07-04 13:04:34.656
5.4964,5.497,2024-07-05 13:03:27.921
5.4714,5.472,2024-07-08 13:03:31.513
5.4381,5.4387,2024-07-09 13:08:29.676
5.3961,5.3967,2024-07-10 13:10:36.509
5.4094,5.41,2024-07-11 13:07:31.998
5.4523,5.4529,2024-07-12 13:11:28.352
5.4557,5.4563,2024-07-15 13:08:31.802
5.4268,5.4274,2024-07-16 13:02:29.319
5.4664,5.467,2024-07-17 13:07:51.556
5.542,5.5426,2024-07-18 13:06:33.813
5.5537,5.5543,2024-07-19 13:08:27.646
5.5592,5.5598,2024-07-22 13:02:41.989
5.5801,5.5807,2024-07-23 13:07:28.133
5.634,5.6346,2024-07-24 13:10:32.611
5.6396,5.6402,2024-07-25 13:02:31.161
5.6459,5.6465,2024-07-26 13:08:45.786
5.6473,5.6479,2024-07-29 13:08:38.103
5.6526,5.6532,2024-07-30 13:05:29.119
5.6615,5.6621,2024-07-31 13:06:27.451
5.6675,5.6681,2024-08-01 13:04:45.039
5.736,5.7366,2024-08-02 13:08:25.895
5.764,5.7646,2024-08-05 13:04:30.940
5.6522,5.6528,2024-08-06 13:07:56.736
5.6087,5.6093,2024-08-07 13:11:35.951
5.6166,5.6172,2024-08-08 13:05:28.691
5.5109,5.5115,2024-08-09 13:03:28.543
5.4905,5.4911,2024-08-12 13:02:28.229
5.4869,5.4875,2024-08-13 13:09:28.245
5.4496,5.4502,2024-08-14 13:08:26.791
5.4645,5.4651,2024-08-15 13:11:27.417
5.4626,5.4632,2024-08-16 13:05:26.510
5.4231,5.4237,2024-08-19 13:10:28.410
5.4541,5.4547,2024-08-20 13:05:29.267
5.4701,5.4707,2024-08-21 13:07:29.765
5.5518,5.5524,2024-08-22 13:09:28.648
5.5257,5.5263,2024-08-23 13:11:28.946
5.4915,5.4921,2024-08-26 13:12:40.667
5.4963,5.4969,2024-08-27 13:06:27.781
5.5309,5.5315,2024-08-28 13:11:27.534
5.6352,5.6358,2024-08-29 13:06:29.452
5.6556,5.6562,2024-08-30 13:03:31.368
5.6224,5.623,2024-09-02 13:08:26.344
5.6218,5.6224,2024-09-03 13:09:53.648
5.6353,5.6359,2024-09-04 13:10:25.751
5.6043,5.6049,2024-09-05 13:08:11.367
5.5696,5.5702,2024-09-06 13:05:28.557
5.6091,5.6097,2024-09-09 13:05:33.843
5.6248,5.6254,2024-09-10 13:10:31.119
5.6381,5.6387,2024-09-11 14:59:41.798
5.6548,5.6554,2024-09-12 13:09:32.111
5.5711,5.5717,2024-09-13 13:06:29.112
5.5201,5.5207,2024-09-16 13:02:31.597
5.5004,5.501,2024-09-17 13:03:32.089
5.4761,5.4767,2024-09-18 13:11:29.915
5.4183,5.4189,2024-09-19 13:07:27.527
5.4769,5.4775,2024-09-20 13:02:38.238
5.544,5.5446,2024-09-23 13:04:14.017
5.4696,5.4702,2024-09-24 13:08:32.842
5.473,5.4736,2024-09-25 13:11:28.617
5.4406,5.4412,2024-09-26 13:09:31.055
5.4425,5.4431,2024-09-27 13:12:31.787
5.4475,5.4481,2024-09-30 13:08:57.897
5.4515,5.4521,2024-10-01 13:10:02.000
5.4299,5.4305,2024-10-02 13:13:14.315
5.4844,5.485,2024-10-03 13:06:31.510
5.468,5.4686,2024-10-04 13:11:35.313
5.462,5.4626,2024-10-07 13:04:28.548
5.5191,5.5197,2024-10-08 13:11:40.442
5.5731,5.5737,2024-10-09 13:09:40.942
5.5813,5.5819,2024-10-10 13:13:44.916
5.6257,5.6263,2024-10-11 13:04:30.872
5.6039,5.6045,2024-10-14 13:09:27.371
5.6372,5.6378,2024-10-15 13:06:27.393
5.6743,5.6749,2024-10-16 13:02:28.074
5.6752,5.6758,2024-10-17 13:03:30.348
5.6666,5.6672,2024-10-18 13:11:27.157
5.7062,5.7068,2024-10-21 13:03:32.211
5.6952,5.6958,2024-10-22 13:06:30.894
5.7143,5.7149,2024-10-23 13:03:29.972
5.7081,5.7087,2024-10-24 13:07:25.935
5.6963,5.6969,2024-10-25 13:11:30.239
5.6982,5.6988,2024-10-28 13:02:32.494
5.7134,5.714,2024-10-29 13:09:32.089
5.7795,5.7801,2024-10-30 13:05:35.096
5.7773,5.7779,2024-10-31 13:09:27.538
5.8067,5.8073,2024-11-01 13:03:27.646
5.7892,5.7898,2024-11-04 13:02:46.918
5.784,5.7846,2024-11-05 13:08:29.428
5.7642,5.7648,2024-11-06 13:03:27.848
5.6618,5.6624,2024-11-07 13:02:27.796
5.7642,5.7648,2024-11-08 13:05:28.232
5.7974,5.798,2024-11-11 13:02:29.081
5.7688,5.7694,2024-11-12 13:06:27.435
5.7707,5.7713,2024-11-13 13:02:28.602
5.7879,5.7885,2024-11-14 13:06:28.504
5.7597,5.7603,2024-11-18 13:10:28.511
5.7737,5.7743,2024-11-19 13:06:31.265
5.8167,5.8173,2024-11-21 13:11:27.977
5.8118,5.8124,2024-11-22 13:09:34.496
5.7996,5.8002,2024-11-25 13:08:26.716
5.7984,5.799,2024-11-26 13:12:53.410
5.8285,5.8291,2024-11-27 13:02:27.461
5.9865,5.9871,2024-11-28 13:05:32.071
6.0529,6.0535,2024-11-29 13:07:34.549
6.0628,6.0634,2024-12-02 13:08:27.675
6.0701,6.0707,2024-12-03 13:06:28.582
6.0575,6.0581,2024-12-04 13:02:28.851
5.9843,5.9849,2024-12-05 13:06:30.810
6.0287,6.0293,2024-12-06 13:07:27.027
6.0564,6.057,2024-12-09 13:10:28.135
6.0523,6.0529,2024-12-10 13:11:51.717
6.0314,6.032,2024-12-11 13:05:29.188
5.9402,5.9408,2024-12-12 13:10:28.002
6.0394,6.04,2024-12-13 13:11:29.446
6.0504,6.0509,2024-12-16 13:11:37.029
6.1679,6.1685,2024-12-17 13:02:29.934
6.1618,6.1624,2024-12-18 13:05:29.757
6.1835,6.1841,2024-12-19 13:03:32.087
6.0774,6.078,2024-12-20 13:08:36.643
6.1606,6.1612,2024-12-23 13:03:27.687
6.1527,6.1541,2024-12-24 11:10:05.681
6.165,6.1656,2024-12-26 13:09:30.003
6.1985,6.1991,2024-12-27 13:03:30.393
6.1917,6.1923,2024-12-30 13:06:26.618
6.1917,6.1923,2024-12-31 10:04:09.264
6.208,6.2086,2025-01-02 13:09:42.489
6.1557,6.1563,2025-01-03 13:07:30.503
6.1113,6.1119,2025-01-06 13:06:28.533
6.0735,6.0741,2025-01-07 13:03:28.766
6.1315,6.1321,2025-01-08 13:08:59.784
6.089,6.0896,2025-01-09 13:03:27.828
6.0959,6.0965,2025-01-10 13:04:30.342
6.1073,6.1079,2025-01-13 13:03:30.256
6.0665,6.0671,2025-01-14 13:07:27.066
6.0371,6.0377,2025-01-15 13:06:07.747
6.0316,6.0322,2025-01-16 13:06:28.873
6.0603,6.0609,2025-01-17 13:11:29.354
6.0492,6.0498,2025-01-20 13:07:31.452
6.0434,6.044,2025-01-21 13:11:47.015
5.9668,5.9674,2025-01-22 13:03:29.960
5.9393,5.9399,2025-01-23 13:08:28.183
5.8919,5.8925,2025-01-24 13:03:26.922
5.9266,5.9272,2025-01-27 13:07:48.122
5.8924,5.893,2025-01-28 13:08:29.320
5.859,5.8596,2025-01-29 13:06:27.048
5.9,5.9006,2025-01-30 13:10:28.513
5.8295,5.8301,2025-01-31 13:03:54.994
5.8681,5.8687,2025-02-03 13:06:26.028
5.7921,5.7927,2025-02-04 13:05:40.177
5.7991,5.7997,2025-02-05 13:11:27.245
5.785,5.7856,2025-02-06 13:08:27.966
5.7551,5.7557,2025-02-07 13:10:30.349
5.7802,5.7808,2025-02-10 13:11:28.726
5.7782,5.7788,2025-02-11 13:06:28.511
5.7705,5.7711,2025-02-12 13:02:27.080
5.7782,5.7788,2025-02-13 13:03:25.728
5.7277,5.7283,2025-02-14 13:11:25.842
5.7099,5.7105,2025-02-17 13:07:25.989
5.6973,5.6979,2025-02-18 13:09:27.380
5.7081,5.7087,2025-02-19 13:07:31.091
5.7013,5.7019,2025-02-20 13:11:27.341
5.7021,5.7027,2025-02-21 13:02:27.066
5.7252,5.7258,2025-02-24 13:06:26.536
5.7773,5.7779,2025-02-25 13:08:29.097
5.7751,5.7757,2025-02-26 13:06:28.007
5.8222,5.8228,2025-02-27 13:02:27.094
5.8482,5.8488,2025-02-28 13:04:29.100
5.7908,5.7914,2025-03-05 15:36:28.199
5.7483,5.7489,2025-03-06 13:11:00.814
5.7682,5.7688,2025-03-07 13:08:41.977
5.7924,5.793,2025-03-10 13:03:01.674
5.8341,5.8346,2025-03-11 13:05:28.232
5.8262,5.8268,2025-03-12 13:08:28.781
5.8125,5.8131,2025-03-13 13:03:28.272
5.7413,5.7419,2025-03-14 13:06:19.269
5.7076,5.7082,2025-03-17 13:11:28.771
5.6846,5.6852,2025-03-18 13:05:31.310
5.6651,5.6657,2025-03-19 13:08:27.744
5.6622,5.6628,2025-03-20 13:05:28.111
5.7235,5.7241,2025-03-21 13:03:25.486
5.7397,5.7403,2025-03-24 13:06:25.642
5.6986,5.6992,2025-03-25 13:04:31.093
5.7292,5.7298,2025-03-26 13:05:51.728
5.7468,5.7474,2025-03-27 13:04:05.646
5.7654,5.766,2025-03-28 13:02:32.689
5.7416,5.7422,2025-03-31 13:11:27.506
5.7045,5.7051,2025-04-01 13:07:29.553
5.6918,5.6923,2025-04-02 13:02:29.942
5.6062,5.6067,2025-04-03 13:03:27.756
5.7771,5.7777,2025-04-04 13:07:28.528
5.8871,5.8877,2025-04-07 13:09:28.183
5.9362,5.9368,2025-04-08 13:04:41.076
6.0599,6.0605,2025-04-09 13:06:01.578
5.9109,5.9115,2025-04-10 13:09:27.619
5.8731,5.8737,2025-04-11 13:08:27.767
5.8419,5.8425,2025-04-14 13:09:48.507
5.8701,5.8707,2025-04-15 13:07:27.338
5.8802,5.8808,2025-04-16 13:10:28.345
5.8553,5.8559,2025-04-17 13:11:49.566
5.749,5.7496,2025-04-22 13:09:35.629
5.6874,5.688,2025-04-23 13:06:30.416
5.6874,5.688,2025-04-23 13:06:30.443
5.6732,5.6738,2025-04-24 13:04:29.639
5.684,5.6846,2025-04-25 13:09:26.592
5.6675,5.6681,2025-04-28 13:04:26.378
5.6461,5.6467,2025-04-29 13:05:29.951
5.6602,5.6608,2025-04-30 13:11:27.944
5.6388,5.6394,2025-05-02 13:10:27.144
5.6514,5.652,2025-05-05 13:09:28.604
5.7204,5.721,2025-05-06 13:03:25.683
5.7368,5.7375,2025-05-07 13:09:26.499
5.6854,5.686,2025-05-08 13:06:28.214
5.6505,5.6511,2025-05-09 13:08:28.902
5.6816,5.6822,2025-05-12 13:07:51.706
5.6256,5.6262,2025-05-13 13:02:29.162
5.6094,5.61,2025-05-14 13:07:28.015
5.6322,5.6328,2025-05-15 13:03:51.789
5.6919,5.6925,2025-05-16 13:02:28.147
5.6585,5.6591,2025-05-19 13:09:28.880
5.6614,5.662,2025-05-20 13:05:28.937
5.6565,5.6571,2025-05-21 13:04:32.120
5.6384,5.639,2025-05-22 13:06:27.952
5.6926,5.6932,2025-05-23 13:11:08.858
5.6613,5.6619,2025-05-26 13:06:30.445
5.6533,5.6539,2025-05-27 13:03:41.114
5.693,5.6936,2025-05-28 13:07:44.755
5.6553,5.6559,2025-05-29 13:05:33.689
5.7081,5.7087,2025-05-30 13:05:27.127
5.6931,5.6937,2025-06-02 13:09:05.107
5.6688,5.6694,2025-06-03 13:07:29.518
5.6326,5.6332,2025-06-04 13:11:29.327
5.5963,5.5969,2025-06-05 13:07:30.991
5.5941,5.5947,2025-06-06 13:08:48.677
5.5754,5.576,2025-06-09 13:04:44.493
5.5551,5.5557,2025-06-10 13:08:31.722
5.5384,5.539,2025-06-11 13:04:46.070
5.5382,5.5388,2025-06-12 13:04:26.137
5.5646,5.5652,2025-06-13 13:02:36.572
5.5117,5.5123,2025-06-16 13:09:04.338
5.4767,5.4773,2025-06-17 13:07:28.496
5.4873,5.4879,2025-06-18 13:10:27.501
5.4951,5.4957,2025-06-20 13:05:46.565
5.5207,5.5213,2025-06-23 13:09:26.900
5.4932,5.4938,2025-06-24 13:02:35.468
5.5421,5.5427,2025-06-25 13:06:27.991
5.5139,5.5145,2025-06-26 13:04:42.803
5.4753,5.4759,2025-06-27 13:07:41.250
5.4565,5.4571,2025-06-30 13:06:30.905
5.4505,5.4511,2025-07-01 13:07:32.146
5.4506,5.4512,2025-07-02 13:04:38.929
5.4202,5.4208,2025-07-03 13:06:25.914
5.4084,5.409,2025-07-04 13:04:29.081
5.4546,5.4552,2025-07-07 13:02:56.534
5.4565,5.4571,2025-07-08 13:02:57.103
5.462,5.4626,2025-07-09 13:05:35.887
5.5427,5.5433,2025-07-10 13:02:47.699
5.5716,5.5722,2025-07-11 13:06:52.832
5.5589,5.5595,2025-07-14 13:08:30.186
5.5569,5.5576,2025-07-15 13:04:30.654
5.5716,5.5722,2025-07-16 13:08:40.079
5.5731,5.5737,2025-07-17 13:02:31.315
5.546,5.5466,2025-07-18 13:11:35.417
5.5619,5.5625,2025-07-21 13:03:57.875
5.5703,5.5709,2025-07-22 13:05:47.678
5.5531,5.5537,2025-07-23 13:05:33.442
5.5233,5.5239,2025-07-24 13:09:01.076
5.542,5.5426,2025-07-25 13:06:43.630
5.5871,5.5877,2025-07-28 13:07:39.179
5.5758,5.5764,2025-07-29 13:15:54.910
5.6028,5.6034,2025-07-30 13:14:11.184
5.6015,5.6021,2025-07-31 13:02:33.384
5.543,5.5436,2025-08-01 13:03:03.851
5.5107,5.5113,2025-08-04 13:08:34.124
5.5113,5.5119,2025-08-05 13:04:58.588
5.4796,5.4802,2025-08-06 13:06:39.080
5.4632,5.4638,2025-08-07 13:10:28.166
5.4248,5.4254,2025-08-08 13:10:46.139
5.4467,5.4473,2025-08-11 13:09:01.083
5.4046,5.4052,2025-08-12 13:10:27.976
5.3922,5.3928,2025-08-13 13:12:29.288
5.4089,5.4095,2025-08-14 13:08:26.774
5.3922,5.3928,2025-08-15 13:02:59.023
5.4149,5.4155,2025-08-18 13:11:11.455
5.471,5.4716,2025-08-19 13:04:41.550
5.472,5.4726,2025-08-20 13:12:26.131
5.4822,5.4828,2025-08-21 13:10:49.662
5.4386,5.4392,2025-08-22 13:06:18.381
5.4168,5.4174,2025-08-25 13:06:50.314
5.4212,5.4218,2025-08-26 13:06:46.354
5.4422,5.4428,2025-08-27 13:13:21.409
5.4109,5.4115,2025-08-28 13:13:18.872
5.4258,5.4264,2025-08-29 13:10:21.165
5.4372,5.4378,2025-09-01 13:06:34.559
5.4674,5.468,2025-09-02 13:07:48.188
5.4479,5.4485,2025-09-03 13:06:03.021
5.4581,5.4587,2025-09-04 13:03:32.119
5.3962,5.3968,2025-09-05 13:04:18.063
5.4272,5.4278,2025-09-08 13:09:40.608
5.4272,5.4278,2025-09-09 13:07:27.786
5.4117,5.4123,2025-09-10 13:06:29.196
5.3852,5.3858,2025-09-11 13:06:26.836
5.3671,5.3677,2025-09-12 13:10:29.351
5.3202,5.3208,2025-09-15 13:07:29.069
5.309,5.3096,2025-09-16 13:08:26.586
5.3005,5.3011,2025-09-17 13:10:27.522
5.3004,5.301,2025-09-18 13:10:31.236
5.327,5.3276,2025-09-19 13:05:27.482
5.3451,5.3457,2025-09-22 13:06:30.051
5.3057,5.3063,2025-09-23 13:06:42.796
5.3106,5.3112,2025-09-24 13:09:26.489
5.3419,5.3425,2025-09-25 13:05:26.646
5.3439,5.3445,2025-09-26 13:02:27.976
5.3223,5.3229,2025-09-29 13:04:26.885
5.318,5.3186,2025-09-30 13:08:29.141
5.3202,5.3208,2025-10-01 13:02:30.159
5.3443,5.3449,2025-10-02 13:09:27.673
5.3492,5.3498,2025-10-03 13:05:27.368
5.322,5.3226,2025-10-06 13:07:31.214
5.3357,5.3363,2025-10-07 13:06:29.792
5.3421,5.3427,2025-10-08 13:09:27.623
5.3532,5.3538,2025-10-09 13:09:28.649
5.444,5.4446,2025-10-10 13:11:25.594
5.4623,5.4629,2025-10-13 13:02:43.752
5.4976,5.4982,2025-10-14 13:11:26.346
5.4458,5.4464,2025-10-15 13:07:27.463
5.4348,5.4354,2025-10-16 13:10:33.410
5.4384,5.439,2025-10-17 13:15:06.571
5.3765,5.3771,2025-10-20 13:11:28.198
5.3842,5.3848,2025-10-21 13:08:29.967
5.3892,5.3898,2025-10-22 13:06:29.571
5.3834,5.384,2025-10-23 13:02:28.345
5.3791,5.3797,2025-10-24 13:08:27.751
5.3738,5.3744,2025-10-27 13:07:26.305
5.3684,5.369,2025-10-28 13:04:28.183
5.341,5.3416,2025-10-29 13:04:21.681
5.3844,5.385,2025-10-30 13:09:27.437
5.3837,5.3843,2025-10-31 13:07:28.481
5.3499,5.3505,2025-11-03 13:06:25.333
5.384,5.3846,2025-11-04 13:07:26.986
5.3792,5.3798,2025-11-05 13:07:26.804
5.3445,5.3451,2025-11-06 13:02:49.425
5.3561,5.3567,2025-11-07 13:10:31.908
5.3175,5.3181,2025-11-10 13:03:31.138
5.2723,5.2729,2025-11-11 13:07:30.004
5.2879,5.2885,2025-11-12 13:11:25.169
5.2814,5.282,2025-11-13 13:07:27.563
5.2946,5.2952,2025-11-14 13:11:28.202
5.3102,5.3108,2025-11-17 13:07:28.766
5.3355,5.3361,2025-11-18 13:10:26.459
5.334,5.3346,2025-11-19 13:09:27.626
5.3896,5.3902,2025-11-21 13:06:33.395
5.3942,5.3948,2025-11-24 13:02:26.741
5.3835,5.3841,2025-11-25 13:05:27.685
5.3688,5.3694,2025-11-26 13:03:30.935
5.3484,5.349,2025-11-27 13:07:26.522
5.3332,5.3338,2025-11-28 13:10:31.721
5.3463,5.3469,2025-12-01 13:07:36.236
5.3459,5.3465,2025-12-02 13:07:03.239
5.3108,5.3114,2025-12-03 13:05:25.575
5.2946,5.2952,2025-12-04 13:08:17.839
5.3399,5.3405,2025-12-05 13:09:08.512
5.4243,5.4249,2025-12-08 13:03:07.424
5.4564,5.457,2025-12-09 13:11:26.737
5.465,5.4656,2025-12-10 13:10:04.980
5.4231,5.4237,2025-12-11 13:03:26.528
5.4005,5.4011,2025-12-12 13:06:27.227
5.3923,5.3929,2025-12-15 13:09:27.230
5.4499,5.4505,2025-12-16 13:07:25.964
5.5087,5.5093,2025-12-17 13:03:29.544
5.5277,5.5283,2025-12-18 13:11:26.110
5.5154,5.516,2025-12-19 13:03:35.584
5.5383,5.5389,2025-12-22 13:03:26.125
5.5637,5.5643,2025-12-23 13:04:26.622
5.5342,5.535,2025-12-24 11:07:45.216
5.5407,5.5413,2025-12-26 13:07:27.597
5.5733,5.5739,2025-12-29 13:10:01.131
5.5018,5.5024,2025-12-30 13:12:00.341
5.5018,5.5024,2025-12-31 10:06:24.183
5.4366,5.4372,2026-01-02 13:03:33.254
5.4345,5.4351,2026-01-05 13:10:14.896
5.3791,5.3797,2026-01-06 13:12:07.358
5.3874,5.388,2026-01-07 13:06:27.001
5.3854,5.386,2026-01-08 13:04:28.616
5.3701,5.3707,2026-01-09 13:09:29.054
5.3754,5.376,2026-01-12 13:08:29.056
5.3758,5.3764,2026-01-13 13:08:54.165
5.3789,5.3795,2026-01-14 13:04:32.411
5.384,5.3846,2026-01-15 13:05:25.660
5.3792,5.3798,2026-01-16 13:04:26.486
5.3647,5.3653,2026-01-19 13:07:27.662
5.3784,5.379,2026-01-20 13:02:30.787
5.3362,5.3368,2026-01-21 13:04:32.866
5.3112,5.3118,2026-01-22 13:07:26.401
5.2872,5.2879,2026-01-23 13:09:25.549
5.2754,5.276,2026-01-26 13:09:03.031
5.2386,5.2392,2026-01-27 13:08:25.783
5.1832,5.1838,2026-01-28 13:10:27.392
5.195,5.1956,2026-01-29 13:08:22.928
5.2295,5.2301,2026-01-30 13:05:28.730
5.2581,5.2587,2026-02-02 13:07:27.937
5.223,5.2236,2026-02-03 13:11:27.228
5.2353,5.2359,2026-02-04 13:10:28.563
5.2574,5.258,2026-02-05 13:05:29.335
5.2335,5.2341,2026-02-06 13:10:27.461
5.1937,5.1943,2026-02-09 13:09:27.409
5.2015,5.2021,2026-02-10 13:10:27.358
5.183,5.1836,2026-02-11 13:03:28.474
5.1668,5.1674,2026-02-12 13:04:38.193
5.2282,5.2288,2026-02-13 13:04:28.071
5.2343,5.2349,2026-02-18 15:40:28.762
5.225,5.2257,2026-02-19 13:11:26.862
5.2,5.2006,2026-02-20 13:02:26.431
5.1629,5.1635,2026-02-23 13:02:28.425
5.1676,5.1682,2026-02-24 13:04:29.024
5.1434,5.144,2026-02-25 13:05:27.648
5.1376,5.1382,2026-02-26 13:06:33.355
5.1489,5.1495,2026-02-27 13:02:27.158
5.1995,5.2001,2026-03-02 13:09:26.433
5.2864,5.287,2026-03-03 13:10:27.879
5.2085,5.2091,2026-03-04 13:07:27.146
5.2441,5.2447,2026-03-05 13:03:29.746
5.2872,5.2878,2026-03-06 13:10:27.630
5.2133,5.2139,2026-03-09 13:10:27.585
5.1616,5.1622,2026-03-10 13:09:26.345
5.159,5.1596,2026-03-11 13:04:25.916
5.2045,5.2051,2026-03-12 13:10:28.891
5.2535,5.2541,2026-03-13 13:03:28.538
5.2641,5.2647,2026-03-16 13:08:25.116
5.2016,5.2022,2026-03-17 13:09:32.836
5.2106,5.2112,2026-03-18 13:08:32.572
5.2581,5.2587,2026-03-19 13:02:27.336
5.2793,5.28,2026-03-20 13:11:27.571
5.2434,5.244,2026-03-23 13:11:28.202
5.2593,5.2599,2026-03-24 13:09:28.963
5.2269,5.2275,2026-03-25 13:08:33.947
5.2302,5.2308,2026-03-26 13:11:08.561
5.237,5.2376,2026-03-27 13:11:42.090
5.2347,5.2353,2026-03-30 13:10:27.787
5.2188,5.2194,2026-03-31 13:04:22.650
5.16,5.1606,2026-04-01 13:06:27.728
